"verticles","alpha","beta","antCount","iterations","evaporation","threads","parrarel","best","time","tour"
"40","0.4","0.4","10","50","0.4","2","true","1488.0","91","20 21 36 37 8 30 12 33 38 39 15 14 1 13 24 29 27 35 3 10 31 6 11 25 17 23 18 9 22 32 4 16 5 34 2 7 26 19 28 0 "
"40","0.4","0.4","10","50","0.4","2","false","1529.0","82","14 21 11 6 27 34 20 19 31 1 15 7 38 39 17 18 22 12 3 10 26 8 30 5 36 29 4 13 37 25 9 24 32 16 33 23 28 2 35 0 "
"40","0.4","0.4","10","50","0.5","2","true","1565.0","46","38 30 14 36 21 27 23 20 5 28 34 19 3 32 2 26 18 13 24 8 25 17 11 22 4 12 6 39 35 16 1 33 31 10 15 29 7 37 9 0 "
"40","0.4","0.4","10","50","0.5","2","false","1556.0","49","36 33 27 28 11 38 26 25 16 3 37 21 32 9 34 2 19 17 29 4 15 6 22 13 18 24 5 7 1 10 31 12 35 30 8 39 14 20 23 0 "
"40","0.4","0.4","10","50","0.6","2","true","1456.0","45","14 37 13 24 33 21 27 20 3 30 4 10 38 26 2 31 19 8 6 9 12 1 11 18 28 22 15 35 7 36 34 5 29 25 23 17 16 32 39 0 "
"40","0.4","0.4","10","50","0.6","2","false","1654.0","47","2 23 32 8 31 9 37 28 21 4 14 13 20 30 15 22 39 33 26 7 5 29 25 34 11 18 24 12 10 17 19 16 3 35 1 36 38 6 27 0 "
"40","0.4","0.5","10","50","0.4","2","true","1618.0","49","4 21 27 6 14 18 37 24 8 20 23 5 28 38 13 15 1 16 7 33 34 12 11 36 39 22 9 17 29 26 32 3 30 10 31 19 2 25 35 0 "
"40","0.4","0.5","10","50","0.4","2","false","1503.0","57","14 34 21 7 36 27 23 25 26 38 2 1 20 11 6 39 30 35 33 16 5 19 9 37 31 22 4 32 10 17 13 12 3 15 8 24 18 29 28 0 "
"40","0.4","0.5","10","50","0.5","2","true","1553.0","44","14 12 34 20 27 23 31 22 6 21 38 4 18 26 2 15 39 30 29 16 8 33 7 35 28 10 25 9 36 1 11 37 32 3 19 17 24 5 13 0 "
"40","0.4","0.5","10","50","0.5","2","false","1591.0","45","14 36 21 34 13 31 28 26 15 6 38 19 33 27 10 17 37 23 35 29 3 24 30 12 22 25 20 9 2 39 5 8 11 16 32 7 18 1 4 0 "
"40","0.4","0.5","10","50","0.6","2","true","1548.0","43","23 27 18 31 12 34 30 19 6 14 17 20 2 3 4 16 33 32 28 5 36 35 1 8 37 25 24 29 10 11 26 21 39 9 7 13 22 15 38 0 "
"40","0.4","0.5","10","50","0.6","2","false","1531.0","50","1 23 36 14 5 2 9 24 20 38 35 11 19 33 31 22 32 28 3 39 10 4 17 25 12 15 7 18 26 30 37 34 16 13 8 27 29 21 6 0 "
"40","0.4","0.6","10","50","0.4","2","true","1549.0","44","23 38 14 32 28 37 9 36 3 22 15 7 21 2 39 19 33 34 18 17 4 26 13 30 25 10 31 27 1 29 35 24 6 20 12 11 8 16 5 0 "
"40","0.4","0.6","10","50","0.4","2","false","1370.0","43","27 21 14 1 34 3 20 24 25 10 28 18 12 15 6 39 35 9 37 19 2 13 7 31 22 4 29 33 8 16 23 38 32 26 11 30 5 17 36 0 "
"40","0.4","0.6","10","50","0.5","2","true","1614.0","43","27 19 14 36 24 16 34 23 25 9 4 30 21 18 37 10 39 13 38 2 12 29 8 3 20 7 11 6 1 15 22 35 33 31 32 28 17 5 26 0 "
"40","0.4","0.6","10","50","0.5","2","false","1615.0","43","14 33 38 23 25 37 9 19 18 26 6 27 5 16 22 20 13 24 1 17 36 7 34 3 4 29 15 21 30 32 28 8 12 31 11 2 35 39 10 0 "
"40","0.4","0.6","10","50","0.6","2","true","1577.0","42","14 21 19 38 27 10 6 17 23 1 32 9 20 4 3 16 7 34 5 31 30 12 13 26 2 22 33 24 36 18 39 15 35 37 8 11 28 29 25 0 "
"40","0.4","0.6","10","50","0.6","2","false","1492.0","43","9 4 14 11 21 38 3 36 24 37 34 16 12 35 6 31 5 2 29 13 23 25 33 19 39 7 26 8 28 20 15 1 32 10 17 22 27 30 18 0 "
"40","0.4","1.0","10","50","0.4","2","true","1594.0","44","33 7 14 27 38 37 36 9 21 19 22 6 17 18 13 30 2 25 4 20 16 35 39 15 23 12 34 1 32 5 28 11 3 29 10 31 26 8 24 0 "
"40","0.4","1.0","10","50","0.4","2","false","1612.0","42","14 39 9 35 29 27 23 5 30 7 36 21 4 22 34 19 18 10 16 2 37 1 15 12 26 38 28 24 20 33 31 11 6 13 25 17 32 8 3 0 "
"40","0.4","1.0","10","50","0.5","2","true","1572.0","43","14 12 38 23 27 21 25 22 35 34 29 32 6 17 26 36 3 39 1 15 19 33 31 10 11 7 13 20 8 18 9 24 37 5 28 30 4 2 16 0 "
"40","0.4","1.0","10","50","0.5","2","false","1582.0","43","14 34 21 23 5 1 15 7 4 25 27 33 18 22 11 29 38 35 3 36 17 12 16 32 26 31 10 13 24 30 19 28 6 9 39 2 20 37 8 0 "
"40","0.4","1.0","10","50","0.6","2","true","1555.0","55","14 21 37 38 27 23 36 29 9 16 13 35 8 31 3 32 5 39 34 1 2 4 7 15 12 24 19 10 28 33 6 26 18 11 30 25 17 20 22 0 "
"40","0.4","1.0","10","50","0.6","2","false","1529.0","45","14 25 9 38 18 7 36 16 3 15 2 6 27 20 13 31 19 10 33 24 4 1 21 39 35 12 34 28 22 11 5 17 29 37 8 30 32 23 26 0 "
"40","0.4","1.2","10","50","0.4","2","true","1473.0","46","14 21 35 4 19 27 37 12 7 23 18 10 9 24 17 11 36 1 2 29 5 33 39 31 20 34 16 32 15 25 38 8 26 13 6 22 30 3 28 0 "
"40","0.4","1.2","10","50","0.4","2","false","1468.0","61","14 21 38 23 35 3 12 36 34 1 37 5 20 27 17 25 16 2 4 33 26 31 18 9 28 19 10 39 6 22 8 11 13 29 30 15 7 24 32 0 "
"40","0.4","1.2","10","50","0.5","2","true","1516.0","66","14 36 34 27 38 6 17 1 28 22 2 15 37 25 35 8 31 20 24 39 33 16 19 3 12 29 5 13 11 10 18 21 4 7 9 26 32 23 30 0 "
"40","0.4","1.2","10","50","0.5","2","false","1488.0","58","14 1 27 25 21 6 10 15 38 33 34 11 28 9 23 19 22 4 30 12 24 20 37 32 26 39 2 17 29 36 16 3 31 35 8 5 7 18 13 0 "
"40","0.4","1.2","10","50","0.6","2","true","1488.0","44","14 9 38 23 5 36 30 27 7 37 28 6 21 17 25 11 26 19 2 15 3 24 13 20 35 8 16 1 22 33 31 34 4 18 32 39 10 29 12 0 "
"40","0.4","1.2","10","50","0.6","2","false","1583.0","43","14 27 37 38 9 28 20 6 4 13 23 5 3 34 17 2 21 30 10 11 19 16 25 29 18 36 7 35 24 8 15 1 12 26 32 39 22 31 33 0 "
"40","0.4","1.4","10","50","0.4","2","true","1513.0","44","14 21 27 19 2 24 38 25 9 23 22 12 29 15 6 1 31 10 39 7 35 20 11 18 36 17 3 4 30 13 28 32 8 26 5 16 33 34 37 0 "
"40","0.4","1.4","10","50","0.4","2","false","1531.0","45","14 4 38 27 37 21 9 7 8 3 30 22 15 10 16 5 12 32 31 23 25 28 20 34 2 26 18 19 11 1 39 24 33 13 36 29 35 17 6 0 "
"40","0.4","1.4","10","50","0.5","2","true","1570.0","43","14 21 27 33 34 8 23 28 11 38 26 10 31 9 25 3 7 24 6 30 15 4 17 13 35 19 36 39 22 32 12 20 2 5 29 16 18 1 37 0 "
"40","0.4","1.4","10","50","0.5","2","false","1539.0","43","14 21 37 23 38 36 15 25 31 11 4 20 30 5 2 6 32 12 24 18 19 7 3 22 28 17 29 13 26 9 39 33 1 35 8 34 27 10 16 0 "
"40","0.4","1.4","10","50","0.6","2","true","1458.0","42","14 2 23 27 17 28 21 35 39 20 4 8 6 36 5 29 26 38 13 34 3 18 19 7 16 1 15 30 11 22 25 12 32 10 24 9 31 33 37 0 "
"40","0.4","1.4","10","50","0.6","2","false","1529.0","43","14 9 35 19 27 21 25 10 31 13 4 24 7 36 30 2 38 33 28 3 11 20 18 22 8 15 29 6 12 17 23 5 34 37 26 32 39 16 1 0 "
"40","0.4","1.6","10","50","0.4","2","true","1464.0","44","14 9 37 15 35 8 16 34 18 29 21 13 1 32 26 33 7 4 30 3 25 10 39 23 2 6 31 36 19 11 12 27 28 22 20 24 38 5 17 0 "
"40","0.4","1.6","10","50","0.4","2","false","1531.0","44","14 38 32 28 27 25 9 18 37 21 13 33 6 31 39 15 17 5 19 7 3 4 22 29 36 23 10 35 30 2 12 1 16 24 8 34 26 11 20 0 "
"40","0.4","1.6","10","50","0.5","2","true","1497.0","42","14 21 11 30 15 5 34 9 32 7 38 16 4 2 28 1 18 25 6 29 12 20 27 17 37 33 23 8 39 24 3 10 31 36 26 13 22 35 19 0 "
"40","0.4","1.6","10","50","0.5","2","false","1629.0","43","14 38 23 39 27 3 28 24 21 37 33 1 15 9 25 17 4 2 26 30 11 34 20 18 36 35 19 12 22 29 31 10 6 5 7 8 16 32 13 0 "
"40","0.4","1.6","10","50","0.6","2","true","1532.0","42","14 30 9 27 20 10 11 38 13 31 21 17 36 16 25 23 26 2 34 8 35 6 19 24 33 1 15 18 4 3 39 7 12 32 5 28 22 29 37 0 "
"40","0.4","1.6","10","50","0.6","2","false","1466.0","43","14 38 21 23 27 10 4 34 29 20 3 25 19 22 18 11 6 24 28 31 36 35 5 7 12 16 33 39 32 2 1 15 37 17 26 9 13 8 30 0 "
"40","0.4","2.0","10","50","0.4","2","true","1446.0","29","14 21 24 37 27 19 13 12 2 17 36 7 38 6 20 32 1 28 22 10 25 23 30 35 29 11 26 15 39 8 16 34 9 4 3 5 18 31 33 0 "
"40","0.4","2.0","10","50","0.4","2","false","1480.0","27","14 21 37 28 22 11 36 20 27 6 25 35 17 13 33 30 15 7 2 24 16 34 31 3 39 1 9 4 32 19 38 23 18 10 29 5 8 26 12 0 "
"40","0.4","2.0","10","50","0.5","2","true","1513.0","29","14 21 27 28 23 36 26 38 22 17 6 19 4 25 34 12 2 3 9 37 29 24 20 33 1 32 15 7 5 18 31 8 10 13 11 16 39 35 30 0 "
"40","0.4","2.0","10","50","0.5","2","false","1532.0","28","14 9 24 33 19 34 36 1 20 27 5 6 7 39 29 22 28 37 30 2 3 13 16 35 32 8 10 18 31 21 25 17 15 12 23 26 4 11 38 0 "
"40","0.4","2.0","10","50","0.6","2","true","1449.0","30","14 23 38 36 9 34 6 11 30 10 16 27 29 35 33 21 13 24 19 17 15 7 4 8 37 1 12 18 25 31 5 26 22 28 2 3 20 39 32 0 "
"40","0.4","2.0","10","50","0.6","2","false","1551.0","29","14 21 27 28 5 33 31 36 11 16 4 15 19 23 12 6 30 8 35 9 10 39 34 17 37 25 22 13 7 38 2 29 24 32 20 18 26 1 3 0 "
"40","0.5","0.4","10","50","0.4","2","true","1512.0","42","21 37 7 14 13 38 36 9 3 12 31 5 16 2 11 28 23 27 33 25 24 8 29 4 6 1 34 35 39 10 18 22 30 17 20 19 15 26 32 0 "
"40","0.5","0.4","10","50","0.4","2","false","1612.0","42","14 17 4 29 11 15 7 31 36 19 26 27 20 39 10 25 35 5 37 24 32 28 12 18 33 8 3 1 38 6 22 9 23 30 21 34 2 16 13 0 "
"40","0.5","0.4","10","50","0.5","2","true","1541.0","43","16 11 38 7 23 14 30 27 20 22 15 37 10 25 3 4 17 1 33 32 36 5 26 6 12 2 29 31 9 34 39 21 35 8 28 24 18 13 19 0 "
"40","0.5","0.4","10","50","0.5","2","false","1474.0","43","33 14 13 21 38 9 10 26 6 2 12 35 29 30 27 20 4 19 39 36 16 5 18 11 23 8 17 28 22 37 15 7 24 34 1 32 31 3 25 0 "
"40","0.5","0.4","10","50","0.6","2","true","1474.0","44","38 15 14 30 39 7 21 11 20 4 13 29 12 10 34 16 19 23 22 25 18 5 17 31 28 1 36 6 2 26 24 3 8 37 32 33 27 9 35 0 "
"40","0.5","0.4","10","50","0.6","2","false","1516.0","44","6 14 36 4 25 30 22 24 21 13 9 37 8 17 12 23 16 3 19 28 39 31 33 15 20 34 5 2 26 38 7 11 29 18 10 27 1 35 32 0 "
"40","0.5","0.5","10","50","0.4","2","true","1488.0","42","21 14 29 10 34 33 31 15 37 28 25 1 27 19 16 20 23 35 24 30 8 3 39 2 22 4 11 26 17 32 38 6 12 13 5 18 7 36 9 0 "
"40","0.5","0.5","10","50","0.4","2","false","1495.0","43","21 38 14 36 27 26 22 17 10 30 29 5 34 13 6 24 7 9 2 28 3 23 12 20 8 32 39 31 33 4 18 19 35 16 11 15 37 1 25 0 "
"40","0.5","0.5","10","50","0.5","2","true","1509.0","42","9 38 5 28 14 19 18 33 4 32 35 3 30 39 37 23 29 10 25 1 36 16 34 8 27 17 11 26 7 13 31 12 24 22 6 20 2 21 15 0 "
"40","0.5","0.5","10","50","0.5","2","false","1510.0","43","7 23 38 33 19 9 5 36 35 4 18 31 27 1 10 39 28 22 25 37 17 6 24 3 16 32 21 20 8 15 26 13 29 30 34 2 12 14 11 0 "
"40","0.5","0.5","10","50","0.6","2","true","1556.0","43","14 34 7 4 39 37 23 27 38 33 17 18 9 26 32 5 8 10 21 16 22 1 25 30 35 20 28 3 2 13 31 36 19 11 6 29 15 12 24 0 "
"40","0.5","0.5","10","50","0.6","2","false","1587.0","42","14 12 2 18 20 38 22 21 39 31 35 34 33 17 27 3 24 28 6 5 11 16 1 36 7 13 10 25 9 4 30 32 8 19 23 15 26 29 37 0 "
"40","0.5","0.6","10","50","0.4","2","true","1526.0","42","14 38 6 26 19 25 15 21 9 23 4 13 8 24 2 32 3 30 35 12 16 1 27 5 17 10 11 18 34 28 37 29 22 36 7 31 39 20 33 0 "
"40","0.5","0.6","10","50","0.4","2","false","1592.0","43","14 20 9 39 38 19 2 13 17 33 5 12 11 21 25 1 28 24 35 36 22 32 16 7 26 10 31 6 37 18 3 4 23 15 29 34 27 8 30 0 "
"40","0.5","0.6","10","50","0.5","2","true","1498.0","42","14 28 27 38 15 3 24 6 8 21 25 11 30 4 18 36 1 32 39 9 37 7 13 31 23 12 10 20 29 2 35 26 17 33 19 16 22 5 34 0 "
"40","0.5","0.6","10","50","0.5","2","false","1472.0","44","38 14 7 9 28 23 8 34 13 35 37 1 2 20 19 21 11 6 22 18 10 39 32 26 15 27 29 36 3 31 12 25 4 17 30 16 33 24 5 0 "
"40","0.5","0.6","10","50","0.6","2","true","1504.0","42","14 21 27 34 8 16 1 28 39 6 3 37 23 25 2 13 12 24 33 18 29 22 19 36 4 15 11 20 26 38 17 9 32 5 7 35 31 10 30 0 "
"40","0.5","0.6","10","50","0.6","2","false","1452.0","43","37 36 14 21 27 3 9 39 33 38 6 13 28 16 12 31 7 35 24 34 30 15 8 29 18 26 32 23 17 10 25 1 19 5 2 22 4 20 11 0 "
"40","0.5","1.0","10","50","0.4","2","true","1472.0","55","14 15 12 6 11 28 37 36 39 9 24 25 30 2 38 7 13 26 34 21 29 27 1 16 32 31 33 35 18 5 8 19 20 22 23 17 10 3 4 0 "
"40","0.5","1.0","10","50","0.4","2","false","1498.0","48","14 27 21 23 38 9 28 37 16 13 3 20 33 5 25 34 1 22 30 4 17 11 36 18 24 39 10 35 32 6 8 15 7 26 31 12 29 2 19 0 "
"40","0.5","1.0","10","50","0.5","2","true","1629.0","42","14 21 23 38 25 17 2 39 20 33 37 30 8 34 10 18 11 15 16 1 12 6 32 13 9 22 31 28 35 26 7 19 36 29 5 4 3 24 27 0 "
"40","0.5","1.0","10","50","0.5","2","false","1521.0","43","14 37 15 21 35 33 19 27 16 4 22 28 26 18 25 12 24 3 13 30 36 5 29 1 32 7 38 39 2 6 20 34 9 17 8 23 31 10 11 0 "
"40","0.5","1.0","10","50","0.6","2","true","1459.0","43","14 38 27 23 26 8 21 31 10 4 18 28 17 22 36 9 35 6 39 32 20 34 3 33 24 13 16 7 5 25 15 37 30 2 19 11 1 12 29 0 "
"40","0.5","1.0","10","50","0.6","2","false","1377.0","43","14 23 31 21 27 25 9 17 38 33 5 34 32 7 36 12 29 37 10 39 6 15 3 20 2 28 1 22 4 24 8 16 26 18 19 30 35 13 11 0 "
"40","0.5","1.2","10","50","0.4","2","true","1507.0","42","14 6 21 23 30 32 34 4 19 38 35 1 26 28 9 27 20 39 17 29 24 22 37 3 15 13 7 11 36 8 5 16 2 12 18 10 25 31 33 0 "
"40","0.5","1.2","10","50","0.4","2","false","1530.0","42","14 27 23 1 6 36 11 16 4 7 15 29 25 17 39 32 34 33 13 12 19 38 37 21 35 2 28 10 30 3 18 31 5 9 20 8 26 22 24 0 "
"40","0.5","1.2","10","50","0.5","2","true","1485.0","42","14 36 9 35 23 38 13 21 8 10 25 18 31 4 30 5 32 29 20 39 3 15 16 22 6 11 27 17 1 12 2 26 7 28 33 24 19 37 34 0 "
"40","0.5","1.2","10","50","0.5","2","false","1534.0","47","14 27 21 38 35 34 9 4 3 24 20 25 22 6 11 18 33 28 29 23 19 26 7 5 17 1 12 30 8 37 2 32 16 15 10 13 36 31 39 0 "
"40","0.5","1.2","10","50","0.6","2","true","1407.0","42","14 21 27 36 9 28 6 33 12 34 20 4 19 15 8 30 11 29 16 32 1 39 37 5 18 26 7 13 2 22 25 38 31 24 3 17 10 35 23 0 "
"40","0.5","1.2","10","50","0.6","2","false","1468.0","42","21 14 36 9 28 6 26 37 5 17 20 24 1 31 4 2 22 15 23 10 8 30 35 38 13 18 12 19 27 11 16 34 7 3 39 33 32 29 25 0 "
"40","0.5","1.4","10","50","0.4","2","true","1577.0","42","14 25 16 32 27 6 19 4 22 30 15 12 20 37 35 21 18 34 1 11 3 24 33 29 2 5 26 17 10 7 38 31 23 8 39 9 28 13 36 0 "
"40","0.5","1.4","10","50","0.4","2","false","1500.0","42","14 20 27 38 21 16 31 36 19 33 28 1 25 22 3 24 26 6 13 32 4 5 23 8 30 11 15 7 35 10 37 34 2 12 18 29 17 39 9 0 "
"40","0.5","1.4","10","50","0.5","2","true","1543.0","42","14 38 23 7 18 1 28 5 16 10 32 39 34 20 24 3 37 15 12 9 27 25 8 26 36 31 13 21 4 22 17 35 30 29 33 6 2 11 19 0 "
"40","0.5","1.4","10","50","0.5","2","false","1539.0","42","14 30 21 27 23 24 33 26 9 12 25 31 6 36 37 1 20 4 17 13 7 34 2 5 8 10 38 39 18 15 22 16 3 19 28 32 29 35 11 0 "
"40","0.5","1.4","10","50","0.6","2","true","1592.0","43","14 38 27 16 19 35 20 39 4 29 32 23 36 5 18 17 21 6 2 12 1 37 28 30 9 3 24 22 15 25 10 31 13 11 34 7 26 8 33 0 "
"40","0.5","1.4","10","50","0.6","2","false","1387.0","42","38 14 5 28 18 36 23 2 1 20 21 37 19 4 3 27 34 10 6 12 17 32 35 30 11 22 15 7 24 8 25 29 31 33 13 26 9 39 16 0 "
"40","0.5","1.6","10","50","0.4","2","true","1511.0","42","14 21 11 36 1 2 3 30 27 17 37 19 16 28 32 34 6 10 18 26 7 5 24 23 20 39 35 29 8 13 12 4 9 25 31 15 33 22 38 0 "
"40","0.5","1.6","10","50","0.4","2","false","1603.0","42","14 39 21 37 23 9 20 17 22 15 30 4 13 29 8 3 1 24 11 27 7 35 16 18 28 33 5 25 19 38 32 12 2 26 36 31 6 34 10 0 "
"40","0.5","1.6","10","50","0.5","2","true","1525.0","42","14 9 38 35 21 33 27 28 8 20 3 36 31 25 29 24 22 10 30 4 17 26 23 18 12 15 2 13 6 19 16 11 39 37 7 32 1 34 5 0 "
"40","0.5","1.6","10","50","0.5","2","false","1552.0","41","14 38 33 1 16 25 21 37 29 27 35 23 34 30 9 22 19 18 31 32 4 2 28 24 13 5 7 15 36 26 10 17 12 8 20 11 6 39 3 0 "
"40","0.5","1.6","10","50","0.6","2","true","1539.0","42","14 34 21 27 1 23 2 13 10 25 39 17 4 9 37 7 6 3 19 35 38 36 5 33 30 22 15 29 26 8 18 28 31 12 16 11 20 24 32 0 "
"40","0.5","1.6","10","50","0.6","2","false","1529.0","42","14 10 27 23 38 2 37 34 20 21 12 25 18 32 28 3 9 31 22 13 7 1 8 30 26 15 29 35 39 6 4 19 33 5 16 24 17 36 11 0 "
"40","0.5","2.0","10","50","0.4","2","true","1559.0","28","14 21 38 35 3 23 29 25 32 8 11 27 17 12 34 16 15 1 7 36 26 6 33 31 10 4 30 28 39 9 5 2 20 13 24 18 22 19 37 0 "
"40","0.5","2.0","10","50","0.4","2","false","1538.0","27","14 23 38 9 17 36 32 28 27 15 25 6 22 11 21 35 24 1 2 19 18 34 37 31 12 29 7 13 39 10 20 4 5 26 33 3 16 30 8 0 "
"40","0.5","2.0","10","50","0.5","2","true","1433.0","29","14 28 21 27 34 9 4 23 39 17 25 22 35 36 24 13 18 11 19 15 2 37 8 33 5 29 38 26 7 30 32 12 31 6 20 10 16 1 3 0 "
"40","0.5","2.0","10","50","0.5","2","false","1580.0","27","14 38 25 6 11 20 1 21 36 27 37 3 12 29 9 24 8 10 19 15 18 5 30 39 26 22 4 2 28 34 7 33 16 13 31 35 32 17 23 0 "
"40","0.5","2.0","10","50","0.6","2","true","1599.0","37","14 21 38 23 2 6 36 27 16 20 1 3 9 7 37 26 19 10 15 5 28 31 39 32 8 34 11 30 35 25 33 24 17 18 4 22 13 12 29 0 "
"40","0.5","2.0","10","50","0.6","2","false","1518.0","27","14 21 38 34 20 27 10 29 26 8 37 18 11 25 9 23 12 6 22 16 13 33 7 2 1 17 39 35 28 32 31 19 36 4 24 3 5 30 15 0 "
"40","0.7","0.4","10","50","0.4","2","true","1539.0","41","30 23 20 1 27 21 38 14 34 7 3 9 24 19 33 18 36 5 13 29 25 4 35 17 2 37 15 32 39 8 28 22 10 6 26 11 16 12 31 0 "
"40","0.7","0.4","10","50","0.4","2","false","1534.0","42","14 12 6 29 27 3 26 5 9 21 39 2 38 36 24 37 28 18 32 22 19 16 8 11 35 7 33 15 13 31 34 25 10 23 30 4 1 17 20 0 "
"40","0.7","0.4","10","50","0.5","2","true","1447.0","42","14 37 5 25 23 20 34 7 12 36 22 19 16 33 24 31 17 28 2 3 8 21 35 15 6 13 29 1 32 4 18 10 26 11 30 39 9 38 27 0 "
"40","0.7","0.4","10","50","0.5","2","false","1573.0","42","14 13 21 30 9 28 5 37 15 4 35 8 16 1 3 7 34 29 17 18 23 32 19 22 11 6 12 20 2 26 31 27 38 36 39 24 33 25 10 0 "
"40","0.7","0.4","10","50","0.6","2","true","1439.0","42","38 23 14 33 3 34 36 35 13 9 20 12 37 17 4 19 30 28 18 11 21 39 27 29 8 26 25 1 15 6 22 16 10 24 7 31 32 2 5 0 "
"40","0.7","0.4","10","50","0.6","2","false","1526.0","42","11 27 14 1 16 36 38 30 18 35 3 9 32 12 15 10 17 23 5 25 22 31 6 20 13 24 39 33 2 4 29 37 21 19 8 26 7 34 28 0 "
"40","0.7","0.5","10","50","0.4","2","true","1552.0","42","14 34 26 15 23 16 10 27 1 6 22 19 30 13 11 9 12 2 20 4 17 7 24 38 39 35 29 21 32 28 37 36 5 31 33 3 8 25 18 0 "
"40","0.7","0.5","10","50","0.4","2","false","1333.0","43","14 21 25 30 27 6 20 15 26 28 23 8 11 16 1 36 3 31 22 19 33 38 7 35 13 24 2 34 5 32 12 17 29 9 4 37 10 39 18 0 "
"40","0.7","0.5","10","50","0.5","2","true","1521.0","41","27 30 14 38 28 22 21 13 15 25 17 33 24 39 31 35 29 8 9 37 5 11 16 12 4 18 20 6 2 3 36 34 19 10 26 23 1 7 32 0 "
"40","0.7","0.5","10","50","0.5","2","false","1616.0","41","3 14 19 36 30 25 33 38 23 35 12 27 21 1 24 28 37 34 31 39 5 26 11 22 9 2 15 7 29 8 32 16 13 4 18 20 6 10 17 0 "
"40","0.7","0.5","10","50","0.6","2","true","1485.0","43","23 25 14 35 38 26 24 5 4 6 27 7 18 11 10 30 22 19 28 2 13 12 1 21 16 3 31 17 15 32 8 20 37 36 29 34 9 39 33 0 "
"40","0.7","0.5","10","50","0.6","2","false","1589.0","42","9 17 10 21 14 30 36 18 3 2 32 39 34 1 38 37 31 6 20 11 19 26 15 29 35 28 8 16 5 7 27 4 25 22 24 13 33 12 23 0 "
"40","0.7","0.6","10","50","0.4","2","true","1417.0","41","14 21 30 24 33 32 22 6 25 35 38 29 2 1 36 7 39 18 4 5 20 19 15 3 28 37 23 26 9 34 16 13 11 8 17 10 31 12 27 0 "
"40","0.7","0.6","10","50","0.4","2","false","1526.0","42","23 14 35 4 11 34 9 3 37 19 6 22 2 12 20 26 38 36 15 8 13 18 25 29 32 33 28 5 17 39 10 31 7 21 27 1 16 24 30 0 "
"40","0.7","0.6","10","50","0.5","2","true","1554.0","42","21 17 14 3 27 8 36 11 38 26 39 7 4 10 34 18 20 1 9 24 6 33 5 23 25 35 16 32 31 12 2 13 30 22 15 29 37 19 28 0 "
"40","0.7","0.6","10","50","0.5","2","false","1444.0","42","14 6 21 24 36 12 23 13 7 27 17 37 18 26 15 1 11 19 32 28 33 39 22 9 35 25 31 16 5 3 2 29 4 20 10 30 38 8 34 0 "
"40","0.7","0.6","10","50","0.6","2","true","1601.0","42","14 28 22 27 1 36 9 20 3 4 21 16 34 18 32 24 13 31 7 12 33 15 10 37 19 6 26 5 17 35 29 8 38 23 2 25 30 39 11 0 "
"40","0.7","0.6","10","50","0.6","2","false","1360.0","42","38 14 25 9 37 3 33 28 12 20 22 13 18 11 15 7 5 32 35 39 36 10 16 19 6 31 17 23 26 29 2 34 27 1 24 8 30 4 21 0 "
"40","0.7","1.0","10","50","0.4","2","true","1525.0","41","14 38 33 27 1 8 17 15 2 31 7 4 29 12 35 32 18 28 23 19 11 36 26 37 6 10 20 22 34 39 9 24 16 21 30 3 25 5 13 0 "
"40","0.7","1.0","10","50","0.4","2","false","1451.0","41","14 23 38 13 21 30 37 32 33 9 4 2 1 17 22 11 18 19 5 26 7 27 28 31 25 20 15 24 29 35 39 12 8 16 10 36 34 3 6 0 "
"40","0.7","1.0","10","50","0.5","2","true","1502.0","42","14 36 9 27 30 21 37 2 17 25 22 39 34 32 8 29 12 6 10 15 26 38 31 5 20 3 16 1 33 11 4 19 35 7 24 18 28 23 13 0 "
"40","0.7","1.0","10","50","0.5","2","false","1528.0","41","14 23 25 21 32 1 9 15 16 39 38 33 34 8 28 11 22 30 10 19 12 29 5 3 37 18 26 2 27 20 17 13 24 7 4 31 36 35 6 0 "
"40","0.7","1.0","10","50","0.6","2","true","1514.0","41","14 38 10 27 22 3 13 34 36 1 18 33 24 23 30 25 35 29 39 6 19 2 12 31 4 20 7 26 8 16 5 17 11 15 32 9 21 37 28 0 "
"40","0.7","1.0","10","50","0.6","2","false","1497.0","42","14 18 30 10 4 5 35 3 34 12 24 39 19 36 21 26 32 33 31 2 15 38 23 37 17 20 6 27 11 16 8 25 29 9 28 22 13 7 1 0 "
"40","0.7","1.2","10","50","0.4","2","true","1606.0","43","14 25 21 33 27 13 28 15 6 19 32 24 22 1 20 18 9 29 35 23 31 10 34 16 11 30 8 7 26 5 39 36 38 12 2 17 37 4 3 0 "
"40","0.7","1.2","10","50","0.4","2","false","1518.0","41","14 15 2 32 17 37 25 30 1 16 19 9 5 18 24 8 28 20 39 11 22 4 10 27 34 36 12 6 26 29 38 3 7 35 33 31 21 13 23 0 "
"40","0.7","1.2","10","50","0.5","2","true","1637.0","42","14 7 1 23 17 13 38 36 19 18 33 34 22 39 8 28 26 31 11 15 4 3 32 16 25 20 10 6 37 35 30 21 2 12 27 24 29 5 9 0 "
"40","0.7","1.2","10","50","0.5","2","false","1601.0","42","14 21 20 11 16 36 1 2 24 5 4 17 8 30 3 32 26 7 34 37 23 22 27 18 9 15 6 35 31 29 38 39 10 25 33 28 13 12 19 0 "
"40","0.7","1.2","10","50","0.6","2","true","1544.0","42","14 7 27 20 38 6 34 9 39 3 30 32 23 17 36 31 12 22 8 35 24 33 4 1 2 5 13 16 21 25 19 18 11 28 29 15 37 26 10 0 "
"40","0.7","1.2","10","50","0.6","2","false","1520.0","43","14 39 23 17 2 31 33 7 36 34 30 24 9 18 26 28 20 19 38 8 5 32 10 4 29 37 27 21 16 15 1 12 3 6 22 25 35 11 13 0 "
"40","0.7","1.4","10","50","0.4","2","true","1581.0","42","14 33 27 30 18 22 19 17 32 15 1 26 29 9 20 12 16 11 39 36 21 10 31 23 6 28 25 37 8 34 38 7 24 3 4 5 2 13 35 0 "
"40","0.7","1.4","10","50","0.4","2","false","1502.0","42","14 36 21 4 3 37 35 23 13 34 33 19 16 1 25 29 24 2 30 32 18 17 12 7 5 22 9 39 15 10 20 28 8 11 26 38 27 6 31 0 "
"40","0.7","1.4","10","50","0.5","2","true","1558.0","41","14 1 27 23 28 17 8 32 15 39 37 26 22 6 3 34 31 21 25 30 5 36 12 2 20 35 19 38 13 11 7 10 16 4 9 29 24 18 33 0 "
"40","0.7","1.4","10","50","0.5","2","false","1512.0","42","14 21 27 23 38 25 31 12 37 4 7 35 16 26 8 13 9 5 30 28 22 18 19 36 1 17 15 29 10 20 2 39 6 34 33 11 3 32 24 0 "
"40","0.7","1.4","10","50","0.6","2","true","1514.0","43","14 21 26 5 25 22 1 17 6 20 37 9 18 19 4 16 7 12 33 35 31 10 23 15 29 8 24 3 13 39 36 34 28 2 30 11 27 32 38 0 "
"40","0.7","1.4","10","50","0.6","2","false","1389.0","42","14 9 30 38 26 6 15 13 29 21 36 18 22 19 12 25 37 3 10 17 23 8 32 28 1 27 16 2 31 5 11 4 33 20 34 39 35 24 7 0 "
"40","0.7","1.6","10","50","0.4","2","true","1437.0","41","14 38 2 5 20 17 10 39 21 25 22 36 3 24 12 34 26 23 31 18 13 15 1 9 16 35 33 6 28 32 7 4 19 11 37 27 30 29 8 0 "
"40","0.7","1.6","10","50","0.4","2","false","1430.0","43","14 27 35 38 33 23 20 4 18 22 2 34 9 25 21 6 24 17 36 32 16 12 19 37 26 31 5 7 13 10 1 11 8 29 30 39 15 3 28 0 "
"40","0.7","1.6","10","50","0.5","2","true","1515.0","42","14 23 28 27 21 20 34 9 25 37 36 22 11 16 4 5 7 18 31 13 6 30 38 33 19 2 12 3 24 10 1 17 39 29 15 26 8 32 35 0 "
"40","0.7","1.6","10","50","0.5","2","false","1596.0","42","14 21 18 38 36 27 30 25 11 22 9 20 17 10 16 8 29 37 15 39 34 13 26 32 35 3 6 31 2 24 12 19 4 7 1 5 28 23 33 0 "
"40","0.7","1.6","10","50","0.6","2","true","1481.0","42","14 23 21 13 35 6 27 34 9 4 25 3 38 29 12 1 30 10 33 8 16 15 37 17 2 22 5 11 19 7 36 31 32 18 39 20 26 24 28 0 "
"40","0.7","1.6","10","50","0.6","2","false","1536.0","43","14 21 23 9 27 3 4 33 37 34 7 29 18 1 28 32 24 35 13 31 30 39 22 8 5 25 15 16 11 36 2 12 20 17 10 19 26 38 6 0 "
"40","0.7","2.0","10","50","0.4","2","true","1612.0","28","14 36 21 37 20 28 6 19 35 30 13 3 34 5 2 4 25 38 23 33 7 24 32 16 18 10 8 22 11 1 26 29 12 17 39 27 15 31 9 0 "
"40","0.7","2.0","10","50","0.4","2","false","1530.0","26","14 23 21 27 33 28 39 7 30 22 25 35 29 15 12 13 2 1 24 31 36 19 32 17 9 37 34 26 5 10 18 4 16 8 38 11 6 20 3 0 "
"40","0.7","2.0","10","50","0.5","2","true","1490.0","28","14 38 21 23 2 28 33 11 9 25 35 1 27 7 19 16 24 8 10 29 39 32 15 6 22 5 36 26 13 20 17 37 18 31 12 3 34 30 4 0 "
"40","0.7","2.0","10","50","0.5","2","false","1504.0","27","14 30 38 13 2 19 35 27 1 16 17 25 22 18 7 24 8 39 32 15 26 6 31 5 10 29 21 23 12 11 9 20 37 28 34 36 3 4 33 0 "
"40","0.7","2.0","10","50","0.6","2","true","1529.0","28","14 38 22 28 34 37 39 7 31 25 23 12 17 27 32 21 30 26 33 2 8 35 3 4 19 24 9 29 16 1 20 11 13 5 18 10 15 6 36 0 "
"40","0.7","2.0","10","50","0.6","2","false","1457.0","27","14 31 6 28 32 24 9 35 20 37 29 25 22 12 3 36 1 34 7 13 21 23 19 16 38 8 27 15 33 18 4 2 17 5 26 11 39 10 30 0 "
"40","0.9","0.4","10","50","0.4","2","true","1553.0","42","3 14 34 38 26 35 12 37 1 6 11 10 16 25 5 29 15 13 20 21 39 31 28 22 18 4 9 27 7 30 23 17 2 24 32 8 36 19 33 0 "
"40","0.9","0.4","10","50","0.4","2","false","1405.0","42","21 14 11 3 37 28 38 23 25 12 16 32 33 39 31 36 18 2 30 29 34 9 26 15 1 27 22 17 5 6 8 20 4 7 19 35 24 13 10 0 "
"40","0.9","0.4","10","50","0.5","2","true","1586.0","42","4 29 14 13 16 23 8 33 19 10 27 7 5 38 21 35 30 1 15 22 24 32 26 37 25 12 6 17 2 18 39 20 31 9 34 3 11 28 36 0 "
"40","0.9","0.4","10","50","0.5","2","false","1462.0","42","14 38 27 25 5 12 6 4 30 34 7 20 28 3 10 37 29 9 35 22 23 1 2 32 13 17 16 39 15 21 11 31 33 19 18 26 8 24 36 0 "
"40","0.9","0.4","10","50","0.6","2","true","1468.0","46","36 13 14 35 23 29 15 21 39 32 10 3 8 26 18 37 20 19 22 28 11 16 5 4 17 31 33 12 1 25 7 30 34 27 24 2 38 6 9 0 "
"40","0.9","0.4","10","50","0.6","2","false","1576.0","42","38 14 25 19 36 39 16 22 33 23 34 7 32 26 9 15 37 35 2 27 24 1 28 13 18 4 17 5 8 3 20 29 12 31 6 10 30 11 21 0 "
"40","0.9","0.5","10","50","0.4","2","true","1462.0","41","27 14 38 6 13 15 21 37 5 31 29 36 19 18 2 12 8 11 26 7 4 22 32 28 24 9 39 16 33 20 3 25 30 35 1 17 10 34 23 0 "
"40","0.9","0.5","10","50","0.4","2","false","1585.0","41","14 21 38 23 36 39 28 27 20 37 35 1 25 24 6 19 33 12 18 22 5 16 11 29 34 31 4 9 17 15 3 8 26 32 2 13 7 30 10 0 "
"40","0.9","0.5","10","50","0.5","2","true","1447.0","42","14 28 9 34 16 29 24 15 36 38 33 8 20 27 6 22 35 4 25 1 17 13 12 3 2 39 30 21 11 19 31 23 10 18 32 5 37 26 7 0 "
"40","0.9","0.5","10","50","0.5","2","false","1373.0","42","14 30 29 23 33 38 18 32 7 13 26 39 36 1 25 3 34 28 22 2 16 20 27 8 24 9 12 6 10 19 15 37 5 21 11 31 35 17 4 0 "
"40","0.9","0.5","10","50","0.6","2","true","1451.0","42","37 14 1 17 24 35 8 33 19 18 4 34 31 36 15 27 30 13 7 5 32 10 39 26 29 11 16 21 23 38 9 25 22 28 2 3 6 20 12 0 "
"40","0.9","0.5","10","50","0.6","2","false","1601.0","42","14 12 34 9 38 2 3 15 27 24 32 39 5 4 17 37 21 8 25 23 29 16 13 22 20 31 26 18 30 11 6 19 36 35 10 33 1 7 28 0 "
"40","0.9","0.6","10","50","0.4","2","true","1500.0","41","14 33 26 23 2 17 4 20 39 31 21 18 22 24 10 36 13 16 34 7 12 6 38 35 32 19 30 15 3 11 8 5 37 9 28 27 1 29 25 0 "
"40","0.9","0.6","10","50","0.4","2","false","1418.0","42","14 35 12 19 38 6 15 30 29 32 17 1 28 24 8 16 13 37 9 39 21 22 2 27 20 36 18 10 31 11 3 34 5 4 7 33 23 25 26 0 "
"40","0.9","0.6","10","50","0.5","2","true","1598.0","41","14 28 25 5 15 39 19 20 29 16 17 10 4 2 31 24 33 35 30 37 1 32 9 8 38 3 34 36 21 27 12 26 18 22 6 7 13 11 23 0 "
"40","0.9","0.6","10","50","0.5","2","false","1355.0","42","14 37 19 22 20 12 8 26 10 35 17 31 28 23 38 11 3 30 39 15 7 13 34 9 25 6 4 2 24 21 29 27 1 36 32 18 33 5 16 0 "
"40","0.9","0.6","10","50","0.6","2","true","1491.0","42","14 21 19 7 27 23 13 28 11 22 15 3 2 16 33 12 8 29 30 38 9 26 24 20 32 5 34 17 18 37 1 36 31 10 6 39 35 4 25 0 "
"40","0.9","0.6","10","50","0.6","2","false","1551.0","42","23 14 38 26 20 30 22 19 37 21 2 36 32 9 5 13 10 35 8 18 4 16 1 7 11 28 24 3 15 17 39 33 31 25 29 27 12 6 34 0 "
"40","0.9","1.0","10","50","0.4","2","true","1394.0","41","14 6 38 36 32 9 5 26 33 31 21 37 29 25 22 11 8 10 2 39 15 12 34 3 16 20 23 27 30 17 35 7 19 4 13 18 28 1 24 0 "
"40","0.9","1.0","10","50","0.4","2","false","1584.0","40","14 13 2 8 20 11 6 19 18 26 23 17 16 22 15 1 12 28 31 34 9 29 36 30 39 25 3 24 21 33 38 32 35 7 4 27 5 10 37 0 "
"40","0.9","1.0","10","50","0.5","2","true","1483.0","41","14 22 15 37 1 36 29 12 35 30 6 31 38 26 33 10 20 34 24 3 2 13 11 21 25 23 19 9 39 17 32 16 5 7 18 28 27 8 4 0 "
"40","0.9","1.0","10","50","0.5","2","false","1522.0","41","14 9 18 31 19 28 22 25 35 27 15 6 12 10 20 24 3 8 23 26 36 7 4 37 33 1 17 5 29 34 13 16 38 11 30 39 21 32 2 0 "
"40","0.9","1.0","10","50","0.6","2","true","1451.0","41","14 38 31 3 34 1 20 39 18 24 5 27 29 17 35 19 33 8 30 4 37 21 13 7 25 10 16 11 22 32 2 12 23 28 26 6 15 36 9 0 "
"40","0.9","1.0","10","50","0.6","2","false","1515.0","42","14 24 5 28 21 1 17 32 16 26 27 19 2 30 29 13 15 22 36 11 38 23 18 10 3 8 12 34 39 31 6 20 33 35 37 7 4 25 9 0 "
"40","0.9","1.2","10","50","0.4","2","true","1485.0","42","14 22 2 35 30 3 12 31 37 13 23 26 7 4 36 39 38 33 27 21 16 19 17 10 20 11 18 32 28 9 24 8 1 29 34 15 25 5 6 0 "
"40","0.9","1.2","10","50","0.4","2","false","1547.0","42","14 21 27 38 5 25 24 33 4 20 15 23 22 6 31 32 9 39 16 13 18 8 10 29 28 26 36 12 17 37 1 34 3 11 19 7 35 2 30 0 "
"40","0.9","1.2","10","50","0.5","2","true","1544.0","41","14 35 25 3 28 2 34 38 13 6 31 33 1 23 4 17 29 24 16 7 15 22 26 5 30 39 8 32 18 11 10 12 19 27 37 21 36 9 20 0 "
"40","0.9","1.2","10","50","0.5","2","false","1592.0","41","14 27 28 36 12 5 25 22 35 23 15 3 8 38 18 20 33 21 13 31 39 9 29 37 19 6 11 1 4 7 26 2 34 24 30 16 17 10 32 0 "
"40","0.9","1.2","10","50","0.6","2","true","1427.0","41","14 37 9 12 6 38 23 33 25 35 2 13 10 29 5 11 27 28 18 4 17 3 7 26 32 19 20 22 15 39 31 30 21 34 1 16 24 8 36 0 "
"40","0.9","1.2","10","50","0.6","2","false","1382.0","42","14 37 17 20 30 21 27 6 23 15 3 9 16 11 19 7 36 24 1 2 12 5 26 10 18 4 31 25 22 28 32 8 13 35 33 39 29 38 34 0 "
"40","0.9","1.4","10","50","0.4","2","true","1538.0","41","14 27 23 4 18 10 20 3 9 29 12 21 15 7 32 17 6 39 11 38 36 5 2 31 25 22 1 26 30 8 13 28 37 34 24 33 19 16 35 0 "
"40","0.9","1.4","10","50","0.4","2","false","1506.0","41","14 25 3 6 24 33 5 36 34 37 27 30 29 19 21 16 4 7 35 39 2 11 26 32 17 31 8 20 1 28 10 18 12 13 22 15 38 23 9 0 "
"40","0.9","1.4","10","50","0.5","2","true","1483.0","41","14 20 6 12 10 36 31 5 25 17 9 18 22 23 37 39 33 13 24 35 7 27 28 3 15 29 38 26 11 16 8 30 19 34 21 1 32 2 4 0 "
"40","0.9","1.4","10","50","0.5","2","false","1528.0","42","14 36 38 3 10 15 7 13 35 9 25 31 39 26 8 11 20 37 33 21 30 4 16 28 6 18 19 34 12 24 1 2 5 17 23 29 27 32 22 0 "
"40","0.9","1.4","10","50","0.6","2","true","1580.0","42","14 38 32 21 9 27 28 20 11 13 16 19 10 25 23 34 12 2 8 29 22 30 15 5 6 36 17 4 3 18 26 37 39 35 31 33 1 7 24 0 "
"40","0.9","1.4","10","50","0.6","2","false","1546.0","41","14 9 23 27 37 5 38 2 28 16 1 19 10 29 21 30 13 20 11 18 15 22 25 8 3 36 31 39 6 17 26 4 34 12 7 35 33 32 24 0 "
"40","0.9","1.6","10","50","0.4","2","true","1610.0","40","14 21 38 24 9 4 32 8 23 31 22 20 1 12 18 15 6 26 28 34 37 35 39 29 36 33 3 25 27 30 11 13 7 17 10 19 16 2 5 0 "
"40","0.9","1.6","10","50","0.4","2","false","1560.0","41","14 6 21 11 16 8 10 25 35 30 15 26 9 27 29 33 39 34 24 31 17 23 5 4 2 12 19 38 3 32 18 28 22 36 7 20 1 13 37 0 "
"40","0.9","1.6","10","50","0.5","2","true","1536.0","41","14 21 37 33 35 25 23 32 16 4 15 9 26 8 3 24 39 31 34 30 12 11 19 1 28 2 38 7 13 22 18 27 17 10 6 5 36 20 29 0 "
"40","0.9","1.6","10","50","0.5","2","false","1540.0","41","14 23 21 35 31 3 19 9 26 11 2 7 4 30 29 25 10 24 6 39 33 17 37 38 13 16 27 34 18 28 32 36 1 12 20 15 22 8 5 0 "
"40","0.9","1.6","10","50","0.6","2","true","1543.0","41","14 28 35 21 6 13 25 33 38 27 37 29 10 3 15 8 31 30 23 17 5 34 2 36 12 16 7 39 9 4 22 1 32 24 18 19 26 11 20 0 "
"40","0.9","1.6","10","50","0.6","2","false","1544.0","42","14 7 21 37 28 5 19 15 17 20 2 25 1 3 32 18 11 4 30 9 26 12 16 6 35 10 27 13 38 23 8 29 24 33 39 34 36 22 31 0 "
"40","0.9","2.0","10","50","0.4","2","true","1512.0","28","14 17 33 19 4 7 24 5 2 32 1 11 22 30 29 10 15 18 39 31 12 8 26 21 38 23 27 20 9 28 6 37 34 13 36 35 16 3 25 0 "
"40","0.9","2.0","10","50","0.4","2","false","1428.0","25","14 3 38 23 4 31 2 26 27 7 16 30 13 35 24 9 19 11 18 28 5 17 1 15 22 10 39 33 32 12 6 21 37 8 20 25 29 34 36 0 "
"40","0.9","2.0","10","50","0.5","2","true","1650.0","28","14 33 38 15 12 21 9 39 35 31 18 25 5 30 4 2 13 16 36 24 3 11 20 37 19 7 22 28 1 10 17 23 6 27 8 34 26 32 29 0 "
"40","0.9","2.0","10","50","0.5","2","false","1487.0","27","14 9 34 23 38 27 37 3 28 2 7 39 35 26 17 30 24 36 12 16 32 5 19 33 18 11 15 22 4 10 25 1 31 21 29 8 13 20 6 0 "
"40","0.9","2.0","10","50","0.6","2","true","1583.0","29","14 38 23 21 15 18 4 17 13 2 6 12 19 24 33 32 39 36 1 28 30 37 35 29 8 34 16 22 7 27 11 25 5 26 31 20 9 3 10 0 "
"40","0.9","2.0","10","50","0.6","2","false","1471.0","27","38 14 21 27 23 9 28 34 36 35 11 25 22 8 24 3 20 16 1 12 6 2 29 30 37 19 32 33 13 15 5 4 31 17 7 26 39 10 18 0 "
"40","1.2","0.4","10","50","0.4","2","true","1459.0","40","14 17 25 20 36 9 12 18 4 28 19 1 33 31 34 3 2 26 13 29 37 15 6 10 22 11 16 23 30 7 5 32 39 35 38 8 27 21 24 0 "
"40","1.2","0.4","10","50","0.4","2","false","1456.0","40","36 19 1 21 11 20 33 35 39 10 17 13 2 4 9 29 25 3 24 15 32 18 5 16 12 37 23 8 26 34 31 7 6 22 27 28 30 14 38 0 "
"40","1.2","0.4","10","50","0.5","2","true","1496.0","42","14 20 25 5 27 26 21 37 3 33 31 10 36 30 18 15 11 28 2 17 4 16 1 35 24 9 29 8 22 34 12 19 32 39 6 38 7 13 23 0 "
"40","1.2","0.4","10","50","0.5","2","false","1485.0","41","14 2 27 21 13 30 35 38 6 31 17 25 15 1 3 24 33 20 7 39 11 12 23 9 4 18 37 36 26 29 5 10 19 16 8 32 34 22 28 0 "
"40","1.2","0.4","10","50","0.6","2","true","1596.0","42","14 15 7 27 24 28 2 22 6 16 32 12 30 5 34 29 35 3 8 13 38 17 33 25 23 26 37 31 19 36 9 39 1 18 20 10 4 21 11 0 "
"40","1.2","0.4","10","50","0.6","2","false","1569.0","49","14 6 22 25 16 38 33 8 17 13 5 19 18 26 32 37 15 29 4 9 27 24 10 7 28 11 34 1 39 3 31 21 30 35 23 2 12 20 36 0 "
"40","1.2","0.5","10","50","0.4","2","true","1505.0","41","14 9 35 7 34 27 23 10 3 38 17 15 37 12 32 29 28 13 33 24 26 5 25 39 2 19 6 22 30 8 31 36 21 11 4 18 16 1 20 0 "
"40","1.2","0.5","10","50","0.4","2","false","1588.0","41","14 21 20 2 15 39 38 36 17 13 8 29 6 30 16 27 33 35 7 28 19 4 1 12 32 10 31 5 34 11 3 26 23 22 24 18 9 25 37 0 "
"40","1.2","0.5","10","50","0.5","2","true","1520.0","41","14 30 24 4 9 12 1 25 28 27 20 22 11 38 13 23 37 36 19 17 35 10 3 34 21 29 8 32 26 5 16 6 2 18 33 31 15 39 7 0 "
"40","1.2","0.5","10","50","0.5","2","false","1565.0","41","14 35 8 10 27 18 26 2 29 36 11 20 16 3 9 4 32 21 31 7 1 30 6 39 12 5 25 33 34 37 17 15 22 19 24 28 23 38 13 0 "
"40","1.2","0.5","10","50","0.6","2","true","1505.0","42","14 10 33 36 27 21 25 38 26 17 35 23 18 16 8 29 9 34 2 28 6 15 7 37 3 12 13 19 11 30 22 24 39 1 5 31 32 4 20 0 "
"40","1.2","0.5","10","50","0.6","2","false","1414.0","42","14 19 38 13 31 25 16 5 4 22 9 28 27 29 36 34 10 15 18 17 37 7 35 33 32 30 21 39 3 20 12 1 2 11 8 24 23 26 6 0 "
"40","1.2","0.6","10","50","0.4","2","true","1550.0","41","14 27 1 3 36 34 2 9 4 33 39 18 30 10 25 28 37 19 29 21 13 35 38 8 5 12 24 6 31 22 11 32 26 7 15 16 20 17 23 0 "
"40","1.2","0.6","10","50","0.4","2","false","1695.0","42","14 21 27 16 8 38 25 4 11 26 39 5 22 24 20 17 18 12 31 7 15 29 19 2 6 34 3 9 28 1 36 37 32 30 33 35 23 13 10 0 "
"40","1.2","0.6","10","50","0.5","2","true","1544.0","41","14 34 20 28 23 38 33 2 24 11 13 18 25 3 4 21 27 7 35 8 15 10 17 39 30 26 16 19 22 32 12 29 1 6 31 36 37 5 9 0 "
"40","1.2","0.6","10","50","0.5","2","false","1596.0","41","38 14 30 29 24 22 9 3 16 7 32 12 10 34 4 2 17 20 11 1 39 26 31 33 28 18 15 21 27 5 37 35 25 36 19 23 8 13 6 0 "
"40","1.2","0.6","10","50","0.6","2","true","1557.0","41","14 20 28 27 2 21 30 26 34 13 29 18 10 39 3 9 32 24 16 11 33 38 35 25 17 15 7 12 19 23 31 36 22 5 37 1 4 8 6 0 "
"40","1.2","0.6","10","50","0.6","2","false","1654.0","42","14 2 5 25 21 23 4 11 32 13 33 37 20 31 7 9 35 8 26 16 39 22 6 38 19 27 17 29 28 1 15 30 10 18 3 36 34 12 24 0 "
"40","1.2","1.0","10","50","0.4","2","true","1556.0","41","14 13 15 4 31 9 29 8 10 27 21 19 39 35 1 37 36 26 7 17 12 6 33 23 25 24 16 34 5 18 32 20 3 22 30 11 38 2 28 0 "
"40","1.2","1.0","10","50","0.4","2","false","1583.0","40","14 38 13 23 29 39 24 35 8 6 25 1 11 19 2 7 18 32 31 17 12 26 9 5 37 36 28 15 21 4 20 22 30 27 33 3 16 10 34 0 "
"40","1.2","1.0","10","50","0.5","2","true","1417.0","41","14 33 37 17 23 35 29 5 9 7 1 3 21 8 30 28 19 4 2 13 38 31 36 18 15 26 32 39 11 20 27 16 12 34 25 22 10 6 24 0 "
"40","1.2","1.0","10","50","0.5","2","false","1516.0","41","14 11 20 27 9 26 37 34 12 24 38 25 30 8 16 23 4 2 5 13 22 19 35 29 17 28 21 32 36 18 7 15 1 33 39 31 6 10 3 0 "
"40","1.2","1.0","10","50","0.6","2","true","1548.0","42","14 25 24 10 31 33 39 17 8 26 34 23 21 36 12 37 9 38 5 32 19 22 6 28 3 7 35 2 1 13 15 18 11 30 29 16 4 20 27 0 "
"40","1.2","1.0","10","50","0.6","2","false","1505.0","41","14 27 19 10 6 31 36 35 17 5 37 9 39 12 2 4 18 33 29 38 26 23 13 24 7 34 3 32 1 20 30 16 15 8 28 22 11 25 21 0 "
"40","1.2","1.2","10","50","0.4","2","true","1583.0","40","14 9 24 3 30 34 33 35 37 13 27 19 22 11 1 8 23 36 18 29 5 38 17 10 15 21 39 7 16 28 32 25 20 26 31 6 12 2 4 0 "
"40","1.2","1.2","10","50","0.4","2","false","1599.0","40","14 25 10 17 37 9 26 20 36 18 4 24 6 33 27 34 1 7 29 11 5 3 39 23 2 13 38 32 22 15 16 12 8 30 31 28 19 35 21 0 "
"40","1.2","1.2","10","50","0.5","2","true","1373.0","41","14 13 21 34 20 4 3 37 16 35 25 5 6 27 7 30 1 15 19 33 24 11 22 39 8 29 28 2 17 10 31 32 12 18 26 9 38 23 36 0 "
"40","1.2","1.2","10","50","0.5","2","false","1631.0","41","14 38 26 31 9 29 35 1 37 15 6 3 8 18 20 22 32 28 19 11 27 25 4 21 30 13 36 34 33 24 23 7 2 5 10 39 17 12 16 0 "
"40","1.2","1.2","10","50","0.6","2","true","1501.0","41","14 38 7 20 31 10 12 36 30 13 37 23 19 39 6 27 21 35 8 24 4 34 3 16 33 1 25 15 17 18 11 29 5 2 32 26 28 22 9 0 "
"40","1.2","1.2","10","50","0.6","2","false","1504.0","42","9 14 38 23 13 21 24 3 34 28 6 19 25 11 30 27 15 37 33 7 35 1 17 31 10 4 5 36 20 22 16 39 32 26 2 18 8 12 29 0 "
"40","1.2","1.4","10","50","0.4","2","true","1546.0","41","14 21 37 16 33 24 1 9 5 7 19 23 38 2 13 18 32 17 29 30 28 26 11 22 20 12 36 8 15 25 10 31 39 34 35 3 4 27 6 0 "
"40","1.2","1.4","10","50","0.4","2","false","1525.0","40","14 36 37 25 15 26 27 33 19 12 6 34 30 4 2 16 3 24 7 35 13 5 17 1 21 20 29 8 11 9 22 18 10 31 28 32 38 39 23 0 "
"40","1.2","1.4","10","50","0.5","2","true","1599.0","41","14 38 35 20 3 24 21 5 23 25 33 19 1 22 30 9 4 11 16 13 8 26 18 27 32 7 10 12 6 28 31 17 15 29 37 34 36 39 2 0 "
"40","1.2","1.4","10","50","0.5","2","false","1481.0","42","14 30 11 37 29 36 39 32 28 1 25 33 22 8 20 35 31 18 23 12 24 6 15 3 4 34 16 27 19 2 38 10 21 13 7 9 26 17 5 0 "
"40","1.2","1.4","10","50","0.6","2","true","1644.0","41","14 33 22 19 4 20 28 32 39 27 30 5 16 36 38 24 2 3 10 17 18 31 37 12 35 11 8 7 1 15 6 25 34 13 23 26 29 9 21 0 "
"40","1.2","1.4","10","50","0.6","2","false","1439.0","42","14 17 28 8 32 12 20 36 34 31 15 6 13 18 22 30 10 26 37 21 4 1 16 27 29 23 25 3 39 35 24 33 19 2 7 9 38 5 11 0 "
"40","1.2","1.6","10","50","0.4","2","true","1527.0","41","14 21 7 10 39 22 28 18 23 8 32 26 15 6 31 13 25 11 36 20 34 3 12 38 2 16 35 17 33 4 19 5 9 37 30 27 29 24 1 0 "
"40","1.2","1.6","10","50","0.4","2","false","1539.0","40","14 29 9 37 36 5 16 10 27 1 25 33 6 20 34 30 4 7 2 3 17 35 21 38 23 19 24 32 31 13 18 11 15 12 39 22 28 26 8 0 "
"40","1.2","1.6","10","50","0.5","2","true","1601.0","41","14 30 16 25 5 24 2 22 33 32 38 17 1 7 26 18 11 10 3 15 39 8 31 12 29 27 21 23 34 20 9 28 6 13 37 4 19 35 36 0 "
"40","1.2","1.6","10","50","0.5","2","false","1523.0","42","14 21 23 12 32 36 34 28 7 9 15 22 4 20 11 39 10 8 37 1 35 17 3 6 26 33 31 25 29 27 13 24 16 5 30 2 38 19 18 0 "
"40","1.2","1.6","10","50","0.6","2","true","1510.0","42","14 38 23 17 34 27 21 15 10 6 26 18 5 2 16 9 4 35 8 20 1 12 33 31 3 24 28 13 11 19 37 29 7 22 39 36 30 32 25 0 "
"40","1.2","1.6","10","50","0.6","2","false","1562.0","45","14 13 19 36 37 18 10 31 5 11 16 23 8 29 17 6 1 20 35 33 25 22 9 7 21 30 15 4 3 24 38 34 39 12 2 26 28 32 27 0 "
"40","1.2","2.0","10","50","0.4","2","true","1557.0","27","14 9 24 29 34 1 11 7 38 23 22 36 12 2 10 18 17 5 28 39 31 6 20 8 26 37 32 15 30 19 25 35 21 16 3 33 27 13 4 0 "
"40","1.2","2.0","10","50","0.4","2","false","1618.0","26","14 30 3 24 13 21 27 35 5 23 7 18 32 29 10 19 1 11 22 39 17 12 31 8 26 15 25 38 9 34 36 6 33 37 28 4 16 20 2 0 "
"40","1.2","2.0","10","50","0.5","2","true","1488.0","28","14 20 6 33 28 37 3 36 34 25 13 24 35 5 19 30 4 16 2 39 17 10 26 7 12 8 32 22 31 18 29 15 1 11 27 21 23 38 9 0 "
"40","1.2","2.0","10","50","0.5","2","false","1497.0","26","14 38 21 8 26 29 25 16 4 7 24 35 30 2 13 5 28 19 27 10 31 20 1 11 17 23 18 36 34 37 39 32 22 15 6 9 12 33 3 0 "
"40","1.2","2.0","10","50","0.6","2","true","1586.0","28","14 27 23 2 24 3 19 4 7 5 17 16 11 1 39 32 33 13 25 21 9 28 31 34 37 30 8 26 10 20 15 18 36 22 35 12 6 29 38 0 "
"40","1.2","2.0","10","50","0.6","2","false","1559.0","26","14 15 7 28 8 33 32 12 2 39 36 31 10 21 4 6 20 22 25 24 13 3 34 19 37 35 1 16 30 5 38 26 11 18 17 23 29 9 27 0 "
"40","1.5","0.4","10","50","0.4","2","true","1323.0","41","14 27 4 24 18 32 21 13 35 25 23 16 3 8 31 39 1 17 10 15 7 28 37 33 29 30 22 9 26 38 11 5 2 34 12 6 19 20 36 0 "
"40","1.5","0.4","10","50","0.4","2","false","1387.0","40","36 14 1 16 23 37 5 33 39 32 17 31 35 3 9 4 18 19 28 2 30 10 27 21 24 29 20 8 7 13 12 6 34 38 26 11 15 25 22 0 "
"40","1.5","0.4","10","50","0.5","2","true","1509.0","41","14 24 9 38 19 15 23 25 4 36 11 22 31 21 39 7 29 35 20 6 2 17 1 27 10 37 28 34 16 18 30 3 8 32 12 13 26 33 5 0 "
"40","1.5","0.4","10","50","0.5","2","false","1493.0","41","14 28 11 37 19 23 18 22 30 16 34 10 17 1 35 6 38 3 39 25 29 5 26 33 8 32 12 4 13 2 15 21 27 7 36 31 20 24 9 0 "
"40","1.5","0.4","10","50","0.6","2","true","1574.0","41","14 13 26 1 36 6 17 2 4 37 29 23 25 28 3 15 22 32 9 5 33 10 20 12 8 11 34 27 7 31 18 16 19 35 21 30 39 24 38 0 "
"40","1.5","0.4","10","50","0.6","2","false","1406.0","42","14 19 11 28 23 21 36 12 33 5 7 4 18 26 8 24 9 32 39 3 25 1 35 38 22 16 13 37 30 10 17 2 20 29 34 27 31 15 6 0 "
"40","1.5","0.5","10","50","0.4","2","true","1534.0","41","14 17 30 35 29 21 16 8 24 23 2 36 26 20 11 5 9 38 34 28 27 12 31 13 7 4 10 1 25 3 15 19 32 33 37 6 39 22 18 0 "
"40","1.5","0.5","10","50","0.4","2","false","1503.0","41","14 25 29 19 4 7 34 21 11 3 24 27 5 31 10 1 36 37 9 16 23 8 38 18 22 6 35 12 2 26 30 28 20 13 15 39 17 32 33 0 "
"40","1.5","0.5","10","50","0.5","2","true","1356.0","41","28 19 36 14 37 21 38 23 13 31 9 20 12 6 25 15 2 16 34 5 24 22 11 1 17 29 26 8 27 30 18 10 4 32 33 7 35 39 3 0 "
"40","1.5","0.5","10","50","0.5","2","false","1568.0","41","14 32 16 24 10 21 8 4 31 5 38 7 27 12 23 33 25 3 34 6 17 37 9 39 36 18 22 15 30 26 19 2 13 28 1 11 35 29 20 0 "
"40","1.5","0.5","10","50","0.6","2","true","1549.0","42","14 6 10 13 20 26 18 4 22 25 23 3 36 2 35 33 16 9 31 12 19 21 34 1 11 15 7 5 27 39 17 28 30 37 29 8 24 32 38 0 "
"40","1.5","0.5","10","50","0.6","2","false","1439.0","41","28 14 34 9 39 15 6 17 23 10 27 18 31 33 7 4 30 3 24 25 8 13 35 20 32 19 38 37 1 2 26 12 22 21 11 16 5 29 36 0 "
"40","1.5","0.6","10","50","0.4","2","true","1446.0","41","14 21 27 28 39 9 32 16 1 36 7 4 13 20 37 33 19 6 22 23 10 24 17 2 15 11 31 8 18 26 38 30 35 25 12 29 5 34 3 0 "
"40","1.5","0.6","10","50","0.4","2","false","1657.0","41","14 20 23 6 36 16 34 37 2 28 25 30 13 38 33 18 26 35 17 19 4 5 29 32 24 21 11 3 9 31 39 15 8 12 7 10 22 27 1 0 "
"40","1.5","0.6","10","50","0.5","2","true","1497.0","41","14 2 38 3 36 5 13 35 28 37 4 6 30 12 34 33 15 1 17 19 16 11 8 26 32 23 39 20 21 24 9 29 18 10 31 22 25 7 27 0 "
"40","1.5","0.6","10","50","0.5","2","false","1490.0","41","14 27 23 39 9 29 15 8 1 24 33 38 19 37 20 10 18 34 22 11 28 7 26 31 6 13 5 32 30 21 36 3 2 12 16 25 35 4 17 0 "
"40","1.5","0.6","10","50","0.6","2","true","1518.0","41","14 21 23 16 39 32 26 15 24 33 27 8 30 35 17 10 19 38 37 13 28 6 2 20 1 31 3 7 36 11 9 4 34 5 29 18 12 22 25 0 "
"40","1.5","0.6","10","50","0.6","2","false","1561.0","41","14 21 25 9 26 11 6 16 30 34 2 39 36 31 5 37 8 4 3 35 13 29 28 15 1 18 19 33 10 27 22 12 20 24 32 7 38 23 17 0 "
"40","1.5","1.0","10","50","0.4","2","true","1643.0","41","14 33 19 4 17 16 2 7 29 24 22 30 31 12 23 13 38 8 26 28 20 32 18 10 15 5 1 11 39 34 21 36 6 27 3 37 25 9 35 0 "
"40","1.5","1.0","10","50","0.4","2","false","1689.0","40","14 38 13 10 27 19 28 25 17 39 31 16 32 22 20 26 23 9 15 18 21 7 12 29 6 11 36 1 8 30 37 33 4 2 34 3 24 5 35 0 "
"40","1.5","1.0","10","50","0.5","2","true","1627.0","40","14 13 29 6 19 4 3 30 22 18 24 16 17 25 26 7 27 10 35 36 20 12 15 32 8 11 5 39 31 28 2 38 9 23 34 21 33 37 1 0 "
"40","1.5","1.0","10","50","0.5","2","false","1527.0","48","14 23 12 24 4 20 36 18 32 8 26 27 38 22 30 5 19 1 31 39 28 37 34 3 15 7 9 17 25 16 13 33 35 11 6 10 2 29 21 0 "
"40","1.5","1.0","10","50","0.6","2","true","1585.0","41","14 34 2 33 18 1 23 13 29 9 31 12 11 35 25 36 28 32 39 4 19 38 7 30 22 15 10 3 8 16 26 37 17 6 24 5 27 21 20 0 "
"40","1.5","1.0","10","50","0.6","2","false","1566.0","41","14 35 38 29 9 25 8 1 17 33 6 10 31 12 3 13 37 23 16 11 5 19 15 22 18 26 7 39 30 21 27 28 4 20 36 34 24 2 32 0 "
"40","1.5","1.2","10","50","0.4","2","true","1609.0","40","14 26 31 27 10 18 23 9 29 1 34 2 17 39 36 11 15 25 20 12 8 28 33 37 30 4 35 21 32 38 5 7 13 24 3 6 19 22 16 0 "
"40","1.5","1.2","10","50","0.4","2","false","1505.0","41","14 6 15 20 12 3 31 18 33 19 38 37 25 13 2 4 7 34 16 23 9 30 5 32 1 24 27 36 10 17 35 8 26 28 29 39 21 11 22 0 "
"40","1.5","1.2","10","50","0.5","2","true","1559.0","41","14 1 27 4 8 32 16 34 38 2 10 31 6 15 29 17 21 9 28 22 7 36 26 23 12 39 37 20 13 11 25 3 35 24 33 19 18 5 30 0 "
"40","1.5","1.2","10","50","0.5","2","false","1443.0","41","14 16 36 8 33 30 13 7 18 32 2 12 11 1 22 25 35 39 23 28 10 19 15 3 37 9 24 29 5 26 6 38 4 17 31 34 21 20 27 0 "
"40","1.5","1.2","10","50","0.6","2","true","1558.0","41","14 29 38 15 21 31 28 11 16 10 39 9 12 36 20 37 3 13 8 1 6 34 4 17 25 33 24 35 7 26 27 30 19 23 5 22 18 32 2 0 "
"40","1.5","1.2","10","50","0.6","2","false","1563.0","41","14 13 21 23 25 28 29 26 37 3 30 39 7 27 20 17 35 24 33 16 38 2 34 9 10 4 5 19 22 1 18 8 36 32 15 12 6 31 11 0 "
"40","1.5","1.4","10","50","0.4","2","true","1603.0","41","14 31 36 18 28 20 17 39 38 32 4 30 10 2 34 3 35 27 13 37 9 1 16 33 7 23 25 22 6 26 24 11 8 21 15 12 29 5 19 0 "
"40","1.5","1.4","10","50","0.4","2","false","1557.0","41","14 9 25 36 6 12 28 37 30 38 5 1 34 7 35 4 13 21 17 33 24 3 11 16 27 32 18 19 22 23 2 39 29 26 8 15 10 31 20 0 "
"40","1.5","1.4","10","50","0.5","2","true","1535.0","42","14 21 23 11 20 10 9 22 19 27 6 36 24 25 3 8 28 26 17 37 29 7 13 38 33 34 2 15 30 35 16 1 39 32 4 18 31 12 5 0 "
"40","1.5","1.4","10","50","0.5","2","false","1585.0","41","14 21 22 11 10 39 34 5 26 23 25 12 31 15 2 27 36 6 28 20 33 37 13 32 30 8 24 3 35 1 16 19 18 7 9 38 29 17 4 0 "
"40","1.5","1.4","10","50","0.6","2","true","1527.0","40","14 21 35 24 1 38 5 16 27 15 7 3 25 26 32 19 22 23 39 9 17 2 6 10 31 8 29 30 11 36 20 12 28 33 18 13 34 37 4 0 "
"40","1.5","1.4","10","50","0.6","2","false","1472.0","41","14 27 33 31 36 10 23 9 5 34 2 16 32 37 17 4 8 39 24 13 18 38 19 30 26 29 25 22 28 6 7 1 12 20 11 3 15 21 35 0 "
"40","1.5","1.6","10","50","0.4","2","true","1559.0","40","14 16 23 38 21 10 8 32 39 18 22 28 37 31 36 15 25 33 20 3 4 30 2 13 7 35 17 5 29 12 19 27 1 24 34 9 11 26 6 0 "
"40","1.5","1.6","10","50","0.4","2","false","1686.0","40","14 25 38 11 16 8 3 2 9 13 33 10 7 39 21 27 12 26 5 32 18 17 29 15 22 31 6 23 28 20 36 34 1 24 35 4 19 37 30 0 "
"40","1.5","1.6","10","50","0.5","2","true","1641.0","41","14 39 9 32 22 11 10 1 31 12 15 37 28 26 36 6 38 27 34 4 30 13 2 33 24 3 25 16 5 20 21 35 19 7 18 17 8 29 23 0 "
"40","1.5","1.6","10","50","0.5","2","false","1556.0","42","14 6 20 37 34 28 3 24 38 2 33 1 35 21 13 16 32 27 17 5 22 19 11 15 30 4 7 29 26 18 39 12 31 10 8 23 9 36 25 0 "
"40","1.5","1.6","10","50","0.6","2","true","1482.0","41","14 21 36 1 18 30 22 19 13 34 17 28 37 7 39 2 26 12 29 15 23 8 24 27 35 25 38 11 6 10 31 5 3 9 20 4 16 32 33 0 "
"40","1.5","1.6","10","50","0.6","2","false","1558.0","42","14 3 25 9 13 23 19 18 17 4 24 35 30 8 1 20 33 7 16 38 36 15 37 31 5 34 2 26 39 6 12 22 32 28 21 11 27 29 10 0 "
"40","1.5","2.0","10","50","0.4","2","true","1462.0","27","14 28 9 36 20 25 13 33 6 30 35 34 16 3 24 29 5 7 18 12 27 2 38 8 26 17 37 1 4 11 19 10 39 32 31 22 15 21 23 0 "
"40","1.5","2.0","10","50","0.4","2","false","1592.0","26","14 32 31 39 16 19 18 22 1 2 29 17 21 12 11 38 15 10 27 23 8 26 9 34 28 37 33 20 25 6 36 7 3 24 35 30 4 13 5 0 "
"40","1.5","2.0","10","50","0.5","2","true","1590.0","28","14 38 21 23 27 9 25 34 36 39 6 20 13 3 37 18 28 19 32 4 10 29 33 22 5 24 35 30 2 11 16 1 12 31 17 15 7 26 8 0 "
"40","1.5","2.0","10","50","0.5","2","false","1407.0","26","14 28 21 32 8 10 6 26 20 25 5 11 36 12 1 37 29 34 4 15 33 31 9 24 39 22 30 3 2 19 38 13 35 7 27 16 23 18 17 0 "
"40","1.5","2.0","10","50","0.6","2","true","1559.0","28","14 38 37 15 27 12 36 6 25 4 10 30 29 31 13 23 33 16 3 17 35 21 32 1 5 24 9 39 11 19 22 18 26 2 20 7 28 34 8 0 "
"40","1.5","2.0","10","50","0.6","2","false","1602.0","27","14 21 25 37 26 3 35 33 7 13 30 2 38 34 9 15 32 19 23 31 16 27 11 18 22 1 20 4 29 5 17 10 28 6 39 8 24 12 36 0 "
"40","2.0","0.4","10","50","0.4","2","true","1567.0","27","14 27 1 16 2 34 33 32 3 30 35 11 31 5 29 15 17 6 19 4 37 12 20 39 25 10 8 24 7 22 26 18 23 9 36 38 21 13 28 0 "
"40","2.0","0.4","10","50","0.4","2","false","1432.0","26","23 38 2 22 31 12 24 8 13 15 39 9 36 19 6 35 1 29 28 33 3 30 18 37 34 21 20 17 10 4 25 7 27 5 11 16 32 26 14 0 "
"40","2.0","0.4","10","50","0.5","2","true","1493.0","28","14 1 22 19 25 4 3 2 16 15 10 31 6 12 34 33 29 5 11 18 28 13 7 37 32 24 39 26 35 17 30 8 27 23 38 20 21 36 9 0 "
"40","2.0","0.4","10","50","0.5","2","false","1626.0","27","20 17 12 31 27 39 35 21 36 22 30 29 32 26 2 15 19 4 3 10 34 11 7 28 16 23 38 9 25 33 18 14 37 1 5 8 24 6 13 0 "
"40","2.0","0.4","10","50","0.6","2","true","1657.0","29","14 2 27 21 1 7 38 6 28 9 29 37 33 24 3 20 35 32 39 22 30 12 23 34 25 11 31 13 19 36 18 8 10 16 4 15 26 5 17 0 "
"40","2.0","0.4","10","50","0.6","2","false","1582.0","27","14 37 16 6 10 15 33 38 25 1 2 26 28 34 8 11 18 31 30 27 5 7 4 3 24 29 12 9 39 36 21 20 13 35 17 32 23 22 19 0 "
"40","2.0","0.5","10","50","0.4","2","true","1516.0","28","14 9 37 24 11 16 5 31 33 20 34 27 22 28 2 1 32 25 17 4 3 10 38 6 15 36 30 21 39 8 13 7 29 23 18 26 35 12 19 0 "
"40","2.0","0.5","10","50","0.4","2","false","1617.0","27","14 27 37 28 32 3 35 7 25 10 34 31 26 5 16 39 21 24 17 12 29 15 6 11 1 9 13 22 4 30 19 38 2 36 18 23 8 20 33 0 "
"40","2.0","0.5","10","50","0.5","2","true","1381.0","28","14 6 26 25 13 21 18 10 4 24 3 31 22 19 38 11 20 32 5 8 1 16 36 9 39 37 15 7 33 27 34 28 12 23 2 17 29 30 35 0 "
"40","2.0","0.5","10","50","0.5","2","false","1468.0","26","14 6 10 27 37 23 26 32 2 1 8 36 31 35 29 24 17 13 11 39 9 12 20 15 7 28 16 3 25 30 21 5 22 38 34 18 33 19 4 0 "
"40","2.0","0.5","10","50","0.6","2","true","1573.0","29","9 34 36 21 23 20 22 32 26 33 18 16 19 12 2 28 8 30 29 25 7 38 4 1 11 35 13 31 17 37 14 15 39 27 6 24 5 10 3 0 "
"40","2.0","0.5","10","50","0.6","2","false","1628.0","27","14 39 30 35 26 23 33 11 20 4 15 7 13 8 37 18 24 28 17 1 36 38 6 25 31 29 2 10 27 9 16 34 12 32 3 5 19 22 21 0 "
"40","2.0","0.6","10","50","0.4","2","true","1350.0","28","14 1 35 24 3 20 27 16 33 26 32 8 30 12 13 10 19 5 29 18 31 6 34 25 22 21 36 11 4 2 17 39 15 7 28 9 23 37 38 0 "
"40","2.0","0.6","10","50","0.4","2","false","1612.0","26","14 38 8 21 3 11 15 7 13 20 37 36 32 16 34 2 29 24 33 19 25 30 27 12 35 5 28 18 22 23 31 39 26 17 1 4 9 6 10 0 "
"40","2.0","0.6","10","50","0.5","2","true","1421.0","28","23 14 21 22 6 13 16 24 37 28 29 8 26 18 19 4 31 32 12 3 36 11 35 25 15 1 30 7 27 5 9 20 17 10 39 33 38 2 34 0 "
"40","2.0","0.6","10","50","0.5","2","false","1620.0","27","14 21 38 6 27 25 36 24 35 8 37 13 12 9 34 16 4 17 2 33 18 19 11 31 5 26 39 7 32 29 23 20 15 22 30 1 3 10 28 0 "
"40","2.0","0.6","10","50","0.6","2","true","1440.0","28","14 12 23 26 6 31 19 16 27 8 28 33 20 37 18 7 3 11 1 13 21 35 36 4 30 22 15 25 39 32 38 2 17 10 9 34 5 29 24 0 "
"40","2.0","0.6","10","50","0.6","2","false","1477.0","27","14 22 15 23 37 18 12 25 35 19 36 11 39 32 28 1 24 3 6 31 4 2 13 16 20 17 34 27 30 8 38 7 26 5 33 29 10 9 21 0 "
"40","2.0","1.0","10","50","0.4","2","true","1250.0","27","14 2 19 33 7 15 27 10 18 11 30 22 24 8 23 32 5 37 29 12 38 26 31 21 39 20 4 6 9 28 1 35 36 16 25 17 3 34 13 0 "
"40","2.0","1.0","10","50","0.4","2","false","1510.0","26","14 38 36 21 9 28 30 4 20 34 37 3 32 33 1 13 7 24 18 10 5 2 19 22 16 11 25 35 8 17 31 12 39 27 6 23 29 26 15 0 "
"40","2.0","1.0","10","50","0.5","2","true","1626.0","28","14 6 28 20 33 24 36 35 8 13 4 7 2 12 25 38 37 5 21 27 34 3 39 16 11 29 19 18 10 22 31 1 17 15 23 32 9 26 30 0 "
"40","2.0","1.0","10","50","0.5","2","false","1587.0","26","14 19 11 34 28 2 30 13 7 26 24 8 38 17 29 5 22 10 23 32 12 20 15 18 31 39 1 27 6 36 9 21 35 33 16 3 37 4 25 0 "
"40","2.0","1.0","10","50","0.6","2","true","1601.0","28","14 6 1 16 4 38 2 15 32 33 27 11 5 30 25 19 35 24 3 12 7 36 31 10 13 28 26 29 23 17 39 22 9 18 20 8 21 37 34 0 "
"40","2.0","1.0","10","50","0.6","2","false","1468.0","26","14 6 19 1 20 10 25 34 13 7 38 32 30 35 21 16 39 2 17 29 27 31 5 28 22 18 26 37 15 11 36 4 9 12 3 8 23 24 33 0 "
"40","2.0","1.2","10","50","0.4","2","true","1613.0","28","14 19 6 20 34 11 18 30 21 1 24 4 15 3 10 38 7 32 2 27 5 31 35 8 16 12 26 37 29 17 39 23 33 28 22 25 9 13 36 0 "
"40","2.0","1.2","10","50","0.4","2","false","1618.0","27","14 29 9 5 31 13 21 26 8 22 28 15 39 36 20 17 25 4 24 33 37 30 2 19 35 34 6 18 1 32 38 7 10 27 12 3 16 11 23 0 "
"40","2.0","1.2","10","50","0.5","2","true","1424.0","28","14 38 36 3 13 25 35 10 30 8 29 23 19 33 26 27 39 31 9 32 37 24 16 2 15 1 11 21 18 22 7 5 12 20 4 17 6 28 34 0 "
"40","2.0","1.2","10","50","0.5","2","false","1584.0","26","14 36 21 23 1 32 16 30 39 3 24 27 7 35 19 37 4 8 13 12 2 15 17 10 22 28 26 34 29 6 20 11 18 25 5 9 38 31 33 0 "
"40","2.0","1.2","10","50","0.6","2","true","1596.0","29","14 27 12 25 3 8 28 35 17 4 22 24 5 33 38 19 6 13 34 9 39 18 26 15 20 7 11 36 16 1 29 37 23 31 10 2 32 30 21 0 "
"40","2.0","1.2","10","50","0.6","2","false","1582.0","27","14 33 30 28 34 3 36 17 4 25 35 6 5 37 7 16 8 24 29 2 13 38 19 32 31 22 12 1 18 26 11 15 10 39 9 21 27 23 20 0 "
"40","2.0","1.4","10","50","0.4","2","true","1737.0","27","14 30 19 24 33 20 34 2 22 3 16 13 39 26 10 23 38 32 17 5 31 7 1 11 35 37 18 15 8 29 12 27 21 9 28 6 36 25 4 0 "
"40","2.0","1.4","10","50","0.4","2","false","1672.0","26","14 21 29 17 31 11 13 26 15 35 12 9 8 23 19 28 20 25 36 16 3 37 33 4 10 39 2 34 7 27 32 18 5 30 22 24 38 6 1 0 "
"40","2.0","1.4","10","50","0.5","2","true","1493.0","27","14 12 16 21 23 26 9 18 28 8 20 6 36 34 25 4 17 35 3 30 19 5 27 1 33 24 22 13 7 2 15 37 38 32 29 31 10 39 11 0 "
"40","2.0","1.4","10","50","0.5","2","false","1555.0","26","14 38 39 19 23 4 9 12 32 1 10 31 5 25 15 29 26 20 33 6 11 22 3 28 34 35 30 27 7 16 21 13 2 18 17 24 8 37 36 0 "
"40","2.0","1.4","10","50","0.6","2","true","1628.0","28","14 21 11 23 7 37 8 26 17 31 32 12 39 1 22 10 29 15 20 27 28 9 38 34 36 6 30 3 16 18 24 5 2 13 35 25 33 19 4 0 "
"40","2.0","1.4","10","50","0.6","2","false","1552.0","27","14 29 21 38 36 34 12 31 28 10 24 8 32 33 5 26 37 30 35 25 13 4 2 6 27 3 11 1 23 39 7 20 16 19 22 18 15 17 9 0 "
"40","2.0","1.6","10","50","0.4","2","true","1620.0","33","14 20 9 36 6 28 3 37 13 25 33 24 35 34 4 2 19 15 7 30 39 1 17 23 21 38 5 16 11 10 29 8 26 32 12 22 18 31 27 0 "
"40","2.0","1.6","10","50","0.4","2","false","1747.0","27","14 4 35 16 6 32 27 38 7 3 34 5 13 24 1 12 2 30 18 23 26 10 9 17 21 11 8 33 19 37 15 25 29 39 31 36 22 20 28 0 "
"40","2.0","1.6","10","50","0.5","2","true","1532.0","28","14 28 25 4 8 20 37 39 33 3 16 27 6 24 35 38 13 7 5 2 30 31 23 26 32 15 1 11 9 34 22 29 21 10 18 19 12 17 36 0 "
"40","2.0","1.6","10","50","0.5","2","false","1447.0","27","14 20 39 6 36 31 12 3 25 4 26 7 13 35 30 32 28 37 33 24 17 1 27 16 21 38 2 5 11 34 9 29 22 8 19 23 15 18 10 0 "
"40","2.0","1.6","10","50","0.6","2","true","1545.0","28","14 21 38 23 37 34 33 27 3 24 25 29 32 16 19 1 17 30 9 2 26 28 8 12 20 39 22 11 18 10 31 36 5 6 15 13 35 4 7 0 "
"40","2.0","1.6","10","50","0.6","2","false","1450.0","26","14 1 9 39 22 5 10 32 8 38 7 37 28 29 18 36 17 4 25 21 15 13 31 6 33 24 26 20 19 11 16 12 23 30 35 3 27 2 34 0 "
"40","2.0","2.0","10","50","0.4","2","true","1543.0","12","14 13 6 36 20 34 4 30 21 25 3 35 32 38 2 19 33 24 10 1 17 18 27 16 12 15 29 11 7 5 9 22 8 23 39 31 26 28 37 0 "
"40","2.0","2.0","10","50","0.4","2","false","1678.0","11","14 38 23 27 21 34 9 28 25 36 33 6 20 8 31 35 30 37 16 3 2 5 22 39 11 4 19 10 17 18 1 13 7 24 32 12 29 15 26 0 "
"40","2.0","2.0","10","50","0.5","2","true","1566.0","12","14 17 10 27 29 39 8 11 21 18 32 26 12 24 9 38 15 23 31 6 37 20 4 36 16 28 2 34 35 3 7 13 30 33 19 5 22 25 1 0 "
"40","2.0","2.0","10","50","0.5","2","false","1600.0","12","14 36 35 19 30 3 22 4 34 7 33 24 25 2 32 16 13 10 6 31 5 11 26 15 17 8 18 23 38 9 27 21 39 29 12 1 20 28 37 0 "
"40","2.0","2.0","10","50","0.6","2","true","1511.0","13","14 38 23 2 34 3 4 13 25 10 30 21 27 32 1 24 12 7 39 9 15 17 36 18 11 8 6 5 22 28 29 26 37 33 31 35 16 19 20 0 "
"40","2.0","2.0","10","50","0.6","2","false","1521.0","12","14 36 31 20 6 12 28 26 25 15 30 11 21 34 37 18 4 13 19 5 24 3 35 33 32 16 10 17 1 39 38 9 29 8 23 2 7 22 27 0 "
